filename,width,height,class,xmin,ymin,xmax,ymax
162.jpeg,220,220,no damage,10,42,208,193
604.jpeg,220,220,no damage,17,17,197,176
88.jpeg,220,220,no damage,60,50,179,170
88.jpeg,220,220,no damage,168,55,220,113
88.jpeg,220,220,no damage,34,66,70,101
610.jpeg,220,220,no damage,1,1,218,220
176.jpeg,220,220,no damage,14,30,209,161
638.jpeg,220,220,no damage,7,42,212,199
63.jpeg,220,220,no damage,9,45,189,174
63.jpeg,220,220,no damage,1,69,16,115
823.jpeg,220,220,no damage,3,5,220,220
77.jpeg,220,220,no damage,12,33,211,203
837.jpeg,220,220,no damage,20,47,202,181
189.jpeg,220,220,no damage,9,49,203,190
189.jpeg,220,220,no damage,1,60,64,113
406.jpeg,220,220,no damage,9,26,202,204
360.jpeg,220,220,no damage,5,24,215,182
374.jpeg,220,220,no damage,19,38,199,162
412.jpeg,220,220,no damage,27,129,123,189
348.jpeg,220,220,no damage,7,72,171,141
572.jpeg,220,220,no damage,12,48,191,174
214.jpeg,220,220,no damage,72,98,204,172
200.jpeg,220,220,no damage,1,35,220,175
566.jpeg,220,220,no damage,20,53,209,196
228.jpeg,220,220,no damage,18,115,197,189
599.jpeg,220,220,no damage,21,36,208,164
770.jpeg,220,220,no damage,1,80,210,190
770.jpeg,220,220,no damage,1,87,33,111
764.jpeg,220,220,no damage,44,107,204,207
758.jpeg,220,220,no damage,5,36,212,192
758.jpeg,220,220,no damage,48,2,98,64
758.jpeg,220,220,no damage,25,4,51,29
759.jpeg,220,220,no damage,8,32,208,210
765.jpeg,220,220,no damage,43,86,176,193
765.jpeg,220,220,no damage,13,82,36,96
771.jpeg,220,220,no damage,1,13,217,182
598.jpeg,220,220,no damage,16,24,210,198
229.jpeg,220,220,no damage,10,21,211,188
201.jpeg,220,220,no damage,66,147,169,202
567.jpeg,220,220,no damage,6,9,211,206
567.jpeg,220,220,no damage,136,9,220,103
573.jpeg,220,220,no damage,5,5,213,215
215.jpeg,220,220,no damage,13,27,209,189
349.jpeg,220,220,no damage,64,60,164,193
349.jpeg,220,220,no damage,1,93,29,154
375.jpeg,220,220,no damage,9,26,220,170
413.jpeg,220,220,no damage,17,17,197,186
407.jpeg,220,220,no damage,29,58,183,168
407.jpeg,220,220,no damage,34,56,83,84
407.jpeg,220,220,no damage,1,54,22,84
407.jpeg,220,220,no damage,196,55,220,95
361.jpeg,220,220,no damage,1,7,177,161
836.jpeg,220,220,no damage,21,32,204,197
76.jpeg,220,220,no damage,1,8,178,186
188.jpeg,220,220,no damage,23,23,195,168
822.jpeg,220,220,no damage,29,61,200,169
62.jpeg,220,220,no damage,6,44,209,197
639.jpeg,220,220,no damage,18,7,210,215
611.jpeg,220,220,no damage,8,7,210,183
611.jpeg,220,220,no damage,28,26,81,67
89.jpeg,220,220,no damage,2,2,217,215
177.jpeg,220,220,no damage,49,33,194,193
163.jpeg,220,220,no damage,51,46,218,194
163.jpeg,220,220,no damage,18,39,112,117
605.jpeg,220,220,no damage,3,57,216,220
175.jpeg,220,220,no damage,26,19,176,175
613.jpeg,220,220,no damage,19,30,203,205
607.jpeg,220,220,no damage,10,14,210,204
161.jpeg,220,220,no damage,30,53,200,193
149.jpeg,220,220,no damage,1,28,210,178
48.jpeg,220,220,no damage,10,49,213,192
808.jpeg,220,220,no damage,42,42,187,210
808.jpeg,220,220,no damage,170,48,220,99
808.jpeg,220,220,no damage,16,64,53,90
808.jpeg,220,220,no damage,165,54,181,66
74.jpeg,220,220,no damage,20,84,187,207
834.jpeg,220,220,no damage,4,29,211,210
60.jpeg,220,220,no damage,22,27,204,188
820.jpeg,220,220,no damage,114,120,198,188
411.jpeg,220,220,no damage,23,39,181,195
377.jpeg,220,220,no damage,13,57,212,201
363.jpeg,220,220,no damage,16,54,206,170
405.jpeg,220,220,no damage,39,49,193,185
439.jpeg,220,220,no damage,19,27,220,220
388.jpeg,220,220,no damage,47,1,173,209
565.jpeg,220,220,no damage,9,39,212,138
203.jpeg,220,220,no damage,16,68,212,191
217.jpeg,220,220,no damage,23,24,200,185
571.jpeg,220,220,no damage,23,42,196,175
559.jpeg,220,220,no damage,37,32,169,220
767.jpeg,220,220,no damage,33,43,190,165
773.jpeg,220,220,no damage,11,38,216,199
798.jpeg,220,220,no damage,4,24,220,208
798.jpeg,220,220,no damage,1,38,93,120
799.jpeg,220,220,no damage,21,25,209,189
772.jpeg,220,220,no damage,25,40,196,169
766.jpeg,220,220,no damage,2,43,218,187
558.jpeg,220,220,no damage,5,61,190,179
216.jpeg,220,220,no damage,31,50,192,164
570.jpeg,220,220,no damage,8,52,209,202
564.jpeg,220,220,no damage,19,19,206,201
202.jpeg,220,220,no damage,4,18,219,214
389.jpeg,220,220,no damage,26,72,175,170
389.jpeg,220,220,no damage,1,76,77,126
438.jpeg,220,220,no damage,49,85,185,179
362.jpeg,220,220,no damage,18,28,215,155
404.jpeg,220,220,no damage,19,62,199,181
410.jpeg,220,220,no damage,20,51,189,191
376.jpeg,220,220,no damage,1,27,211,167
821.jpeg,220,220,no damage,8,50,211,185
61.jpeg,220,220,no damage,38,102,150,181
835.jpeg,220,220,no damage,11,42,213,182
75.jpeg,220,220,no damage,5,81,215,163
809.jpeg,220,220,no damage,3,51,211,215
49.jpeg,220,220,no damage,12,41,203,178
148.jpeg,220,220,no damage,6,30,214,199
606.jpeg,220,220,no damage,37,35,192,193
160.jpeg,220,220,no damage,17,67,207,202
160.jpeg,220,220,no damage,133,64,219,103
174.jpeg,220,220,no damage,4,32,220,192
612.jpeg,220,220,no damage,5,108,136,201
612.jpeg,220,220,no damage,116,104,200,163
158.jpeg,220,220,no damage,41,66,171,178
616.jpeg,220,220,no damage,1,16,220,197
170.jpeg,220,220,no damage,53,65,152,162
164.jpeg,220,220,no damage,14,36,210,193
602.jpeg,220,220,no damage,9,61,213,181
71.jpeg,220,220,no damage,22,63,203,191
71.jpeg,220,220,no damage,182,55,209,74
831.jpeg,220,220,no damage,11,66,214,155
65.jpeg,220,220,no damage,35,31,194,175
65.jpeg,220,220,no damage,4,40,25,60
825.jpeg,220,220,no damage,45,103,187,183
59.jpeg,220,220,no damage,43,82,216,220
819.jpeg,220,220,no damage,15,44,212,206
819.jpeg,220,220,no damage,1,41,111,127
428.jpeg,220,220,no damage,44,69,175,198
372.jpeg,220,220,no damage,33,46,197,206
414.jpeg,220,220,no damage,22,49,207,214
400.jpeg,220,220,no damage,6,70,216,190
366.jpeg,220,220,no damage,15,72,205,179
399.jpeg,220,220,no damage,19,20,208,181
548.jpeg,220,220,no damage,20,74,198,193
548.jpeg,220,220,no damage,1,76,69,147
206.jpeg,220,220,no damage,25,72,185,162
560.jpeg,220,220,no damage,31,22,192,200
574.jpeg,220,220,no damage,30,36,201,174
212.jpeg,220,220,no damage,13,27,207,161
762.jpeg,220,220,no damage,17,60,208,191
776.jpeg,220,220,no damage,4,3,209,160
789.jpeg,220,220,no damage,19,8,203,213
788.jpeg,220,220,no damage,11,49,212,178
788.jpeg,220,220,no damage,42,43,122,79
788.jpeg,220,220,no damage,15,48,66,83
788.jpeg,220,220,no damage,1,47,29,79
777.jpeg,220,220,no damage,17,53,205,189
777.jpeg,220,220,no damage,207,81,220,106
763.jpeg,220,220,no damage,14,28,203,205
763.jpeg,220,220,no damage,203,32,220,79
575.jpeg,220,220,no damage,7,66,215,156
213.jpeg,220,220,no damage,43,57,175,180
207.jpeg,220,220,no damage,19,44,209,190
561.jpeg,220,220,no damage,15,72,206,203
549.jpeg,220,220,no damage,7,52,214,173
398.jpeg,220,220,no damage,20,39,206,201
401.jpeg,220,220,no damage,51,35,173,217
367.jpeg,220,220,no damage,74,84,206,188
373.jpeg,220,220,no damage,10,101,211,196
415.jpeg,220,220,no damage,16,70,202,182
429.jpeg,220,220,no damage,1,57,218,189
818.jpeg,220,220,no damage,30,31,176,155
58.jpeg,220,220,no damage,1,26,220,182
824.jpeg,220,220,no damage,4,14,211,179
824.jpeg,220,220,no damage,1,8,124,110
64.jpeg,220,220,no damage,13,31,207,210
830.jpeg,220,220,no damage,13,57,204,184
70.jpeg,220,220,no damage,10,86,204,188
165.jpeg,220,220,no damage,19,58,203,152
603.jpeg,220,220,no damage,25,40,205,171
603.jpeg,220,220,no damage,173,36,220,78
603.jpeg,220,220,no damage,130,35,160,64
603.jpeg,220,220,no damage,1,32,45,73
617.jpeg,220,220,no damage,26,34,204,209
171.jpeg,220,220,no damage,9,43,171,183
159.jpeg,220,220,no damage,15,43,208,201
629.jpeg,220,220,no damage,1,74,220,172
601.jpeg,220,220,no damage,1,1,220,220
99.jpeg,220,220,no damage,29,26,173,193
99.jpeg,220,220,no damage,1,25,33,80
167.jpeg,220,220,no damage,20,31,192,167
167.jpeg,220,220,no damage,133,37,208,83
173.jpeg,220,220,no damage,18,71,201,196
615.jpeg,220,220,no damage,25,24,170,177
66.jpeg,220,220,no damage,6,40,210,174
826.jpeg,220,220,no damage,74,115,178,191
198.jpeg,220,220,no damage,28,47,204,188
72.jpeg,220,220,no damage,36,16,190,207
832.jpeg,220,220,no damage,46,42,188,137
832.jpeg,220,220,no damage,165,19,220,74
8.jpeg,220,220,no damage,13,35,207,182
359.jpeg,220,220,no damage,8,34,210,193
365.jpeg,220,220,no damage,11,95,181,189
403.jpeg,220,220,no damage,22,45,193,194
417.jpeg,220,220,no damage,24,21,202,186
371.jpeg,220,220,no damage,17,40,207,179
371.jpeg,220,220,no damage,1,36,70,102
239.jpeg,220,220,no damage,11,23,213,172
211.jpeg,220,220,no damage,37,25,186,201
577.jpeg,220,220,no damage,5,45,216,192
563.jpeg,220,220,no damage,12,41,206,204
205.jpeg,220,220,no damage,11,80,210,162
588.jpeg,220,220,no damage,12,25,205,191
749.jpeg,220,220,no damage,27,28,196,203
775.jpeg,220,220,no damage,3,93,218,193
761.jpeg,220,220,no damage,4,92,217,189
760.jpeg,220,220,no damage,17,41,199,192
774.jpeg,220,220,no damage,21,62,216,155
774.jpeg,220,220,no damage,1,58,34,98
774.jpeg,220,220,no damage,32,58,90,89
774.jpeg,220,220,no damage,166,58,205,79
748.jpeg,220,220,no damage,29,23,213,185
589.jpeg,220,220,no damage,13,24,202,155
562.jpeg,220,220,no damage,1,12,197,205
204.jpeg,220,220,no damage,15,54,203,190
210.jpeg,220,220,no damage,39,111,182,198
576.jpeg,220,220,no damage,35,45,193,195
238.jpeg,220,220,no damage,27,96,217,186
416.jpeg,220,220,no damage,52,98,184,183
370.jpeg,220,220,no damage,32,64,211,153
364.jpeg,220,220,no damage,20,45,196,182
364.jpeg,220,220,no damage,1,66,80,121
402.jpeg,220,220,no damage,7,70,204,179
358.jpeg,220,220,no damage,4,42,220,178
9.jpeg,220,220,no damage,7,56,213,151
833.jpeg,220,220,no damage,8,74,214,178
73.jpeg,220,220,no damage,22,68,203,175
827.jpeg,220,220,no damage,9,44,204,203
67.jpeg,220,220,no damage,35,63,195,185
199.jpeg,220,220,no damage,6,34,215,213
172.jpeg,220,220,no damage,8,44,210,197
614.jpeg,220,220,no damage,29,39,185,176
98.jpeg,220,220,no damage,6,22,205,199
98.jpeg,220,220,no damage,122,25,220,76
600.jpeg,220,220,no damage,11,30,209,186
166.jpeg,220,220,no damage,12,26,197,153
166.jpeg,220,220,no damage,198,62,216,88
628.jpeg,220,220,no damage,1,44,217,191
667.jpeg,220,220,no damage,5,13,217,192
101.jpeg,220,220,no damage,15,36,206,178
115.jpeg,220,220,no damage,17,52,196,163
673.jpeg,220,220,no damage,1,1,213,186
129.jpeg,220,220,no damage,26,15,193,180
28.jpeg,220,220,no damage,20,12,202,211
698.jpeg,220,220,no damage,13,38,202,180
840.jpeg,220,220,no damage,27,18,180,201
840.jpeg,220,220,no damage,4,21,45,79
14.jpeg,220,220,no damage,36,31,188,197
303.jpeg,220,220,no damage,17,64,201,198
465.jpeg,220,220,no damage,6,72,215,176
471.jpeg,220,220,no damage,2,10,214,206
317.jpeg,220,220,no damage,1,28,213,181
317.jpeg,220,220,no damage,1,19,74,61
459.jpeg,220,220,no damage,16,34,190,153
277.jpeg,220,220,no damage,8,72,220,199
511.jpeg,220,220,no damage,48,7,195,209
505.jpeg,220,220,no damage,24,38,194,187
263.jpeg,220,220,no damage,9,36,213,189
539.jpeg,220,220,no damage,17,9,196,204
288.jpeg,220,220,no damage,66,40,183,166
713.jpeg,220,220,no damage,11,83,213,196
707.jpeg,220,220,no damage,19,73,199,203
706.jpeg,220,220,no damage,1,45,220,153
706.jpeg,220,220,no damage,1,52,37,81
706.jpeg,220,220,no damage,145,62,215,81
712.jpeg,220,220,no damage,14,34,207,208
289.jpeg,220,220,no damage,18,22,182,205
538.jpeg,220,220,no damage,40,47,167,178
504.jpeg,220,220,no damage,37,43,175,194
262.jpeg,220,220,no damage,3,73,191,193
276.jpeg,220,220,no damage,28,84,210,182
510.jpeg,220,220,no damage,10,46,211,205
510.jpeg,220,220,no damage,1,53,79,117
458.jpeg,220,220,no damage,21,73,154,189
470.jpeg,220,220,no damage,35,79,188,181
316.jpeg,220,220,no damage,11,69,211,175
302.jpeg,220,220,no damage,25,34,200,196
464.jpeg,220,220,no damage,8,24,209,183
464.jpeg,220,220,no damage,1,26,74,109
15.jpeg,220,220,no damage,24,31,198,188
15.jpeg,220,220,no damage,172,4,218,52
841.jpeg,220,220,no damage,10,40,214,167
841.jpeg,220,220,no damage,182,69,220,112
699.jpeg,220,220,no damage,17,16,198,220
29.jpeg,220,220,no damage,9,57,188,204
29.jpeg,220,220,no damage,167,49,215,100
128.jpeg,220,220,no damage,10,32,209,199
114.jpeg,220,220,no damage,6,55,219,157
672.jpeg,220,220,no damage,21,13,200,220
666.jpeg,220,220,no damage,28,81,192,185
100.jpeg,220,220,no damage,1,10,212,209
670.jpeg,220,220,no damage,8,23,220,193
670.jpeg,220,220,no damage,1,92,10,114
116.jpeg,220,220,no damage,10,48,211,173
102.jpeg,220,220,no damage,13,64,210,161
664.jpeg,220,220,no damage,18,27,216,169
658.jpeg,220,220,no damage,4,47,215,157
17.jpeg,220,220,no damage,10,44,218,185
843.jpeg,220,220,no damage,1,24,220,182
314.jpeg,220,220,no damage,45,75,198,189
472.jpeg,220,220,no damage,29,59,212,175
466.jpeg,220,220,no damage,29,62,192,179
300.jpeg,220,220,no damage,17,77,198,202
328.jpeg,220,220,no damage,7,69,217,209
499.jpeg,220,220,no damage,13,35,207,186
260.jpeg,220,220,no damage,10,15,212,198
506.jpeg,220,220,no damage,4,27,216,203
512.jpeg,220,220,no damage,18,83,131,218
274.jpeg,220,220,no damage,25,110,195,193
248.jpeg,220,220,no damage,17,69,198,178
704.jpeg,220,220,no damage,22,22,198,205
704.jpeg,220,220,no damage,167,64,220,128
710.jpeg,220,220,no damage,23,76,202,181
738.jpeg,220,220,no damage,29,68,201,200
739.jpeg,220,220,no damage,25,36,201,190
739.jpeg,220,220,no damage,48,33,116,87
739.jpeg,220,220,no damage,1,42,53,82
711.jpeg,220,220,no damage,16,42,204,205
705.jpeg,220,220,no damage,1,55,220,208
249.jpeg,220,220,no damage,19,59,201,185
513.jpeg,220,220,no damage,12,45,178,178
275.jpeg,220,220,no damage,4,16,206,207
261.jpeg,220,220,no damage,2,44,216,177
507.jpeg,220,220,no damage,32,122,182,193
507.jpeg,220,220,no damage,1,120,49,167
498.jpeg,220,220,no damage,17,51,205,201
329.jpeg,220,220,no damage,23,71,111,199
467.jpeg,220,220,no damage,13,31,210,205
301.jpeg,220,220,no damage,22,12,203,207
315.jpeg,220,220,no damage,10,33,213,168
473.jpeg,220,220,no damage,48,75,192,183
842.jpeg,220,220,no damage,51,33,170,159
842.jpeg,220,220,no damage,194,36,220,106
842.jpeg,220,220,no damage,139,31,182,88
842.jpeg,220,220,no damage,1,38,27,130
16.jpeg,220,220,no damage,5,31,214,177
659.jpeg,220,220,no damage,1,45,211,174
103.jpeg,220,220,no damage,13,79,202,200
665.jpeg,220,220,no damage,12,31,201,191
671.jpeg,220,220,no damage,12,43,213,184
671.jpeg,220,220,no damage,1,31,68,114
117.jpeg,220,220,no damage,30,72,184,184
649.jpeg,220,220,no damage,9,58,213,201
113.jpeg,220,220,no damage,18,74,196,213
675.jpeg,220,220,no damage,16,52,212,164
661.jpeg,220,220,no damage,17,45,208,188
107.jpeg,220,220,no damage,4,16,218,209
107.jpeg,220,220,no damage,187,9,220,70
12.jpeg,220,220,no damage,13,30,207,212
846.jpeg,220,220,no damage,9,61,214,182
339.jpeg,220,220,no damage,5,16,216,211
477.jpeg,220,220,no damage,5,51,207,164
311.jpeg,220,220,no damage,18,44,209,206
305.jpeg,220,220,no damage,20,43,201,168
463.jpeg,220,220,no damage,18,37,204,206
488.jpeg,220,220,no damage,3,20,217,217
259.jpeg,220,220,no damage,16,46,197,169
503.jpeg,220,220,no damage,9,31,207,182
265.jpeg,220,220,no damage,26,91,183,175
271.jpeg,220,220,no damage,157,65,220,126
271.jpeg,220,220,no damage,142,52,162,79
517.jpeg,220,220,no damage,43,26,201,195
517.jpeg,220,220,no damage,1,39,25,88
517.jpeg,220,220,no damage,22,47,52,74
729.jpeg,220,220,wwwwwwwwwww,5,81,202,190
729.jpeg,220,220,no damage,4,80,201,190
701.jpeg,220,220,no damage,33,17,186,191
715.jpeg,220,220,no damage,39,65,195,197
714.jpeg,220,220,no damage,27,71,193,174
700.jpeg,220,220,no damage,30,11,218,219
700.jpeg,220,220,no damage,4,40,53,83
700.jpeg,220,220,no damage,157,16,219,103
728.jpeg,220,220,no damage,7,19,209,180
270.jpeg,220,220,no damage,17,2,203,220
516.jpeg,220,220,no damage,17,10,178,211
502.jpeg,220,220,no damage,1,5,219,200
264.jpeg,220,220,no damage,37,82,164,171
258.jpeg,220,220,no damage,41,48,180,192
489.jpeg,220,220,no damage,9,59,207,197
304.jpeg,220,220,no damage,7,74,215,211
462.jpeg,220,220,no damage,4,64,216,192
476.jpeg,220,220,no damage,25,85,199,201
310.jpeg,220,220,no damage,1,27,220,220
338.jpeg,220,220,no damage,31,19,212,172
847.jpeg,220,220,no damage,54,58,203,195
13.jpeg,220,220,no damage,28,26,204,170
13.jpeg,220,220,no damage,1,12,90,71
660.jpeg,220,220,no damage,59,53,178,183
106.jpeg,220,220,no damage,8,41,210,205
112.jpeg,220,220,no damage,2,64,216,179
674.jpeg,220,220,no damage,24,59,191,181
648.jpeg,220,220,no damage,11,37,211,196
138.jpeg,220,220,no damage,8,62,214,205
104.jpeg,220,220,no damage,25,30,208,210
104.jpeg,220,220,no damage,1,30,92,138
662.jpeg,220,220,no damage,14,11,191,169
676.jpeg,220,220,no damage,22,51,198,189
676.jpeg,220,220,no damage,1,56,61,109
676.jpeg,220,220,no damage,201,56,220,70
110.jpeg,220,220,no damage,30,62,194,196
845.jpeg,220,220,no damage,23,24,197,209
689.jpeg,220,220,no damage,16,54,202,169
11.jpeg,220,220,no damage,11,50,213,183
39.jpeg,220,220,no damage,19,36,212,196
448.jpeg,220,220,no damage,69,101,172,203
460.jpeg,220,220,no damage,6,41,212,178
306.jpeg,220,220,no damage,37,81,185,175
312.jpeg,220,220,no damage,41,99,196,201
474.jpeg,220,220,no damage,2,36,214,187
474.jpeg,220,220,no damage,31,22,154,66
528.jpeg,220,220,no damage,28,22,213,198
514.jpeg,220,220,no damage,15,58,157,202
272.jpeg,220,220,no damage,12,33,214,178
272.jpeg,220,220,no damage,1,32,102,80
266.jpeg,220,220,no damage,9,50,204,192
500.jpeg,220,220,no damage,24,26,183,168
299.jpeg,220,220,no damage,19,74,197,153
716.jpeg,220,220,no damage,9,40,210,192
702.jpeg,220,220,no damage,1,33,220,150
703.jpeg,220,220,no damage,14,55,216,161
717.jpeg,220,220,no damage,2,4,218,210
298.jpeg,220,220,no damage,5,39,212,196
267.jpeg,220,220,no damage,75,61,219,192
501.jpeg,220,220,no damage,38,82,199,205
501.jpeg,220,220,no damage,1,88,60,143
515.jpeg,220,220,no damage,116,78,213,201
273.jpeg,220,220,no damage,3,74,212,176
529.jpeg,220,220,no damage,24,26,208,201
529.jpeg,220,220,no damage,1,25,109,124
313.jpeg,220,220,no damage,12,71,208,194
475.jpeg,220,220,no damage,19,61,212,150
461.jpeg,220,220,no damage,13,13,213,180
461.jpeg,220,220,no damage,147,27,220,101
461.jpeg,220,220,no damage,1,40,16,86
307.jpeg,220,220,no damage,44,13,178,218
449.jpeg,220,220,no damage,4,87,213,201
38.jpeg,220,220,no damage,24,75,197,192
38.jpeg,220,220,no damage,1,51,76,119
850.jpeg,220,220,no damage,5,58,212,204
850.jpeg,220,220,no damage,179,58,220,95
10.jpeg,220,220,no damage,8,25,217,187
688.jpeg,220,220,no damage,9,81,210,176
844.jpeg,220,220,no damage,24,58,205,163
677.jpeg,220,220,no damage,16,117,198,202
111.jpeg,220,220,no damage,21,51,191,185
105.jpeg,220,220,no damage,1,1,215,175
663.jpeg,220,220,no damage,1,7,220,209
139.jpeg,220,220,no damage,6,31,213,171
646.jpeg,220,220,no damage,8,42,207,183
646.jpeg,220,220,no damage,149,26,220,69
646.jpeg,220,220,no damage,1,41,26,92
120.jpeg,220,220,no damage,1,36,194,217
134.jpeg,220,220,no damage,29,82,193,184
652.jpeg,220,220,no damage,45,34,164,180
652.jpeg,220,220,no damage,185,39,218,59
108.jpeg,220,220,no damage,8,12,204,190
685.jpeg,220,220,no damage,4,40,212,202
685.jpeg,220,220,no damage,13,17,103,79
685.jpeg,220,220,no damage,170,20,218,48
691.jpeg,220,220,no damage,59,32,167,185
849.jpeg,220,220,no damage,23,20,198,152
21.jpeg,220,220,no damage,22,48,200,188
35.jpeg,220,220,no damage,38,26,141,153
322.jpeg,220,220,no damage,14,11,195,192
444.jpeg,220,220,no damage,12,40,211,191
450.jpeg,220,220,no damage,17,54,199,166
336.jpeg,220,220,no damage,16,1,220,220
478.jpeg,220,220,no damage,10,67,205,172
487.jpeg,220,220,no damage,4,30,212,194
493.jpeg,220,220,no damage,53,31,200,188
256.jpeg,220,220,no damage,26,24,191,167
530.jpeg,220,220,no damage,28,43,200,196
524.jpeg,220,220,no damage,13,23,184,198
242.jpeg,220,220,no damage,19,42,211,186
518.jpeg,220,220,no damage,1,1,220,146
295.jpeg,220,220,no damage,15,70,199,189
295.jpeg,220,220,no damage,146,78,220,132
281.jpeg,220,220,no damage,17,52,176,192
732.jpeg,220,220,no damage,3,51,217,188
726.jpeg,220,220,no damage,6,46,215,181
727.jpeg,220,220,no damage,10,28,211,199
727.jpeg,220,220,no damage,1,20,47,72
733.jpeg,220,220,no damage,3,25,209,202
280.jpeg,220,220,no damage,1,16,206,198
294.jpeg,220,220,no damage,23,30,210,171
519.jpeg,220,220,no damage,9,77,199,183
519.jpeg,220,220,no damage,1,78,64,117
525.jpeg,220,220,no damage,11,11,204,205
525.jpeg,220,220,no damage,59,20,89,38
243.jpeg,220,220,no damage,44,33,204,186
257.jpeg,220,220,no damage,43,63,178,175
531.jpeg,220,220,no damage,8,32,213,202
492.jpeg,220,220,no damage,11,47,209,175
492.jpeg,220,220,no damage,59,26,104,53
492.jpeg,220,220,no damage,1,21,43,77
486.jpeg,220,220,no damage,13,9,215,201
486.jpeg,220,220,no damage,137,13,220,100
479.jpeg,220,220,no damage,23,50,204,159
451.jpeg,220,220,no damage,12,12,212,207
337.jpeg,220,220,no damage,11,38,220,205
323.jpeg,220,220,no damage,15,48,198,195
445.jpeg,220,220,no damage,24,69,202,181
34.jpeg,220,220,no damage,11,50,213,184
20.jpeg,220,220,no damage,3,59,217,211
848.jpeg,220,220,no damage,7,41,209,201
848.jpeg,220,220,no damage,1,23,109,87
848.jpeg,220,220,no damage,113,22,177,58
848.jpeg,220,220,no damage,175,26,213,56
848.jpeg,220,220,no damage,74,21,122,47
690.jpeg,220,220,no damage,34,53,199,191
690.jpeg,220,220,no damage,143,62,220,121
684.jpeg,220,220,no damage,10,20,211,200
109.jpeg,220,220,no damage,16,28,210,186
109.jpeg,220,220,no damage,1,33,47,81
135.jpeg,220,220,no damage,91,98,207,204
653.jpeg,220,220,no damage,11,52,208,180
647.jpeg,220,220,no damage,17,17,206,193
121.jpeg,220,220,no damage,18,69,192,183
651.jpeg,220,220,no damage,32,73,176,176
137.jpeg,220,220,no damage,23,36,187,200
123.jpeg,220,220,no damage,1,58,213,169
645.jpeg,220,220,no damage,15,73,203,163
679.jpeg,220,220,no damage,11,23,208,184
692.jpeg,220,220,no damage,17,50,209,154
686.jpeg,220,220,no damage,10,51,204,188
36.jpeg,220,220,no damage,10,93,206,193
22.jpeg,220,220,no damage,69,67,164,143
335.jpeg,220,220,no damage,4,36,215,137
453.jpeg,220,220,no damage,32,1,220,220
453.jpeg,220,220,no damage,1,2,68,140
447.jpeg,220,220,no damage,22,15,198,207
321.jpeg,220,220,no damage,3,15,217,214
309.jpeg,220,220,no damage,7,7,213,213
490.jpeg,220,220,no damage,27,19,196,210
484.jpeg,220,220,no damage,11,23,209,192
241.jpeg,220,220,no damage,71,80,195,188
527.jpeg,220,220,no damage,20,42,206,193
527.jpeg,220,220,no damage,173,29,220,103
533.jpeg,220,220,no damage,10,27,209,201
533.jpeg,220,220,no damage,34,38,85,66
255.jpeg,220,220,no damage,28,40,187,205
269.jpeg,220,220,no damage,41,55,187,196
282.jpeg,220,220,no damage,13,25,200,192
296.jpeg,220,220,no damage,62,97,156,174
725.jpeg,220,220,no damage,30,12,191,200
731.jpeg,220,220,no damage,25,74,182,176
719.jpeg,220,220,no damage,30,78,191,167
718.jpeg,220,220,no damage,69,72,188,171
730.jpeg,220,220,no damage,18,47,173,163
724.jpeg,220,220,no damage,1,19,220,157
724.jpeg,220,220,no damage,1,11,40,55
297.jpeg,220,220,no damage,73,35,209,202
283.jpeg,220,220,no damage,59,56,201,178
268.jpeg,220,220,no damage,9,46,212,186
532.jpeg,220,220,no damage,8,52,216,203
254.jpeg,220,220,no damage,4,43,218,190
240.jpeg,220,220,no damage,77,88,199,201
526.jpeg,220,220,no damage,61,101,176,158
485.jpeg,220,220,no damage,45,72,183,185
491.jpeg,220,220,no damage,27,38,186,195
308.jpeg,220,220,no damage,3,23,220,202
446.jpeg,220,220,no damage,21,34,206,157
320.jpeg,220,220,no damage,1,72,216,193
334.jpeg,220,220,no damage,17,135,204,200
452.jpeg,220,220,no damage,25,30,207,188
23.jpeg,220,220,no damage,100,107,180,192
37.jpeg,220,220,no damage,18,94,213,187
37.jpeg,220,220,no damage,3,100,42,143
687.jpeg,220,220,no damage,10,41,213,183
693.jpeg,220,220,no damage,51,91,212,197
678.jpeg,220,220,no damage,16,11,203,218
122.jpeg,220,220,no damage,33,31,204,199
122.jpeg,220,220,no damage,1,32,99,146
644.jpeg,220,220,no damage,1,1,207,217
650.jpeg,220,220,no damage,40,6,177,208
136.jpeg,220,220,no damage,21,43,159,202
668.jpeg,220,220,no damage,33,1,220,220
668.jpeg,220,220,no damage,1,66,48,159
132.jpeg,220,220,no damage,1,10,220,214
654.jpeg,220,220,no damage,15,100,129,180
654.jpeg,220,220,no damage,128,100,213,174
640.jpeg,220,220,no damage,13,29,217,187
640.jpeg,220,220,no damage,1,40,37,128
126.jpeg,220,220,no damage,9,54,212,167
33.jpeg,220,220,no damage,3,26,218,187
27.jpeg,220,220,no damage,29,99,199,195
697.jpeg,220,220,no damage,14,49,214,209
683.jpeg,220,220,no damage,22,47,199,177
683.jpeg,220,220,no damage,147,1,220,47
318.jpeg,220,220,no damage,32,68,206,179
456.jpeg,220,220,no damage,4,21,215,209
330.jpeg,220,220,no damage,32,18,170,197
330.jpeg,220,220,no damage,157,20,189,73
324.jpeg,220,220,no damage,12,78,212,190
442.jpeg,220,220,no damage,20,13,201,217
495.jpeg,220,220,no damage,13,111,192,213
481.jpeg,220,220,no damage,10,36,211,189
278.jpeg,220,220,no damage,14,63,192,171
522.jpeg,220,220,no damage,25,46,161,182
244.jpeg,220,220,no damage,61,98,173,177
250.jpeg,220,220,no damage,18,67,204,200
536.jpeg,220,220,no damage,17,61,207,165
287.jpeg,220,220,no damage,34,132,188,216
293.jpeg,220,220,no damage,83,40,214,182
708.jpeg,220,220,no damage,1,26,156,220
708.jpeg,220,220,no damage,123,22,142,43
708.jpeg,220,220,no damage,154,30,170,43
720.jpeg,220,220,no damage,6,20,215,199
734.jpeg,220,220,no damage,30,64,191,172
735.jpeg,220,220,no damage,3,41,216,169
721.jpeg,220,220,no damage,24,119,194,190
709.jpeg,220,220,no damage,27,96,192,198
292.jpeg,220,220,no damage,24,53,173,188
286.jpeg,220,220,no damage,37,47,194,176
251.jpeg,220,220,no damage,5,56,216,204
537.jpeg,220,220,no damage,4,63,209,202
523.jpeg,220,220,no damage,6,26,213,184
245.jpeg,220,220,no damage,22,11,189,215
279.jpeg,220,220,no damage,10,61,213,206
480.jpeg,220,220,no damage,18,28,208,196
480.jpeg,220,220,no damage,1,25,68,84
494.jpeg,220,220,no damage,27,1,216,220
494.jpeg,220,220,no damage,1,51,44,196
325.jpeg,220,220,no damage,13,10,210,201
443.jpeg,220,220,no damage,19,60,198,164
457.jpeg,220,220,no damage,6,26,202,212
457.jpeg,220,220,no damage,1,27,81,104
331.jpeg,220,220,no damage,3,74,217,178
319.jpeg,220,220,no damage,37,8,187,206
682.jpeg,220,220,no damage,17,35,201,165
682.jpeg,220,220,no damage,27,35,66,69
682.jpeg,220,220,no damage,1,34,31,93
696.jpeg,220,220,no damage,12,87,204,199
26.jpeg,220,220,no damage,1,1,210,216
32.jpeg,220,220,no damage,36,46,182,135
641.jpeg,220,220,no damage,11,10,200,214
127.jpeg,220,220,no damage,37,10,180,171
133.jpeg,220,220,no damage,38,49,169,193
655.jpeg,220,220,no damage,12,82,204,198
669.jpeg,220,220,no damage,11,23,209,181
669.jpeg,220,220,no damage,1,47,34,98
119.jpeg,220,220,no damage,16,42,196,170
125.jpeg,220,220,no damage,5,1,218,218
643.jpeg,220,220,no damage,10,67,214,184
643.jpeg,220,220,no damage,146,76,210,95
657.jpeg,220,220,no damage,3,55,218,172
131.jpeg,220,220,no damage,12,24,211,195
131.jpeg,220,220,no damage,1,40,43,93
24.jpeg,220,220,no damage,11,58,172,161
30.jpeg,220,220,no damage,12,35,220,211
680.jpeg,220,220,no damage,9,35,201,205
18.jpeg,220,220,no damage,21,71,200,183
694.jpeg,220,220,no damage,1,2,218,211
469.jpeg,220,220,no damage,12,48,208,198
441.jpeg,220,220,no damage,16,33,189,205
327.jpeg,220,220,no damage,11,56,213,191
333.jpeg,220,220,no damage,4,47,211,191
333.jpeg,220,220,no damage,1,37,59,90
455.jpeg,220,220,no damage,21,13,206,198
482.jpeg,220,220,no damage,14,63,209,162
482.jpeg,220,220,no damage,178,61,220,118
496.jpeg,220,220,no damage,9,73,214,153
509.jpeg,220,220,no damage,10,66,208,183
535.jpeg,220,220,no damage,31,24,195,164
253.jpeg,220,220,no damage,2,1,220,211
247.jpeg,220,220,no damage,17,42,212,198
521.jpeg,220,220,no damage,9,23,211,210
290.jpeg,220,220,no damage,8,33,211,197
284.jpeg,220,220,no damage,18,20,210,197
284.jpeg,220,220,no damage,31,25,80,62
737.jpeg,220,220,no damage,4,76,214,197
723.jpeg,220,220,no damage,25,62,192,175
722.jpeg,220,220,no damage,58,83,165,200
736.jpeg,220,220,no damage,33,38,206,181
285.jpeg,220,220,no damage,41,2,201,214
291.jpeg,220,220,no damage,35,85,167,164
246.jpeg,220,220,no damage,27,34,207,210
520.jpeg,220,220,no damage,33,64,184,164
520.jpeg,220,220,no damage,196,79,220,113
534.jpeg,220,220,no damage,4,5,218,215
252.jpeg,220,220,no damage,17,46,201,145
508.jpeg,220,220,no damage,60,120,205,211
497.jpeg,220,220,no damage,1,1,220,212
483.jpeg,220,220,no damage,32,32,181,191
332.jpeg,220,220,no damage,37,55,198,184
454.jpeg,220,220,no damage,31,36,191,180
440.jpeg,220,220,no damage,9,1,218,198
326.jpeg,220,220,no damage,7,29,217,210
468.jpeg,220,220,no damage,30,49,178,156
695.jpeg,220,220,no damage,12,13,215,208
19.jpeg,220,220,no damage,35,73,209,217
681.jpeg,220,220,no damage,12,74,207,193
31.jpeg,220,220,no damage,21,24,198,220
25.jpeg,220,220,no damage,52,92,180,209
656.jpeg,220,220,no damage,12,50,212,174
130.jpeg,220,220,no damage,45,23,179,193
124.jpeg,220,220,no damage,10,16,214,202
642.jpeg,220,220,no damage,5,59,214,186
118.jpeg,220,220,no damage,1,1,220,207
143.jpeg,220,220,no damage,12,74,208,201
625.jpeg,220,220,no damage,14,55,210,153
625.jpeg,220,220,no damage,1,70,16,107
631.jpeg,220,220,no damage,5,7,216,209
157.jpeg,220,220,no damage,30,93,192,216
81.jpeg,220,220,no damage,14,20,202,198
81.jpeg,220,220,no damage,10,20,81,85
81.jpeg,220,220,no damage,1,24,30,43
619.jpeg,220,220,no damage,12,65,209,201
95.jpeg,220,220,no damage,21,59,203,201
180.jpeg,220,220,no damage,6,55,205,206
194.jpeg,220,220,no damage,27,31,214,166
42.jpeg,220,220,no damage,13,38,212,186
802.jpeg,220,220,no damage,12,39,204,197
802.jpeg,220,220,no damage,140,62,220,137
802.jpeg,220,220,no damage,1,53,21,83
56.jpeg,220,220,no damage,5,11,217,190
816.jpeg,220,220,no damage,24,74,189,183
4.jpeg,220,220,no damage,27,44,203,190
427.jpeg,220,220,no damage,14,13,212,212
341.jpeg,220,220,no damage,15,87,180,169
355.jpeg,220,220,no damage,33,24,180,146
355.jpeg,220,220,no damage,162,168,201,201
355.jpeg,220,220,no damage,85,175,139,198
355.jpeg,220,220,no damage,15,164,60,202
433.jpeg,220,220,no damage,20,54,202,199
369.jpeg,220,220,no damage,19,51,199,189
382.jpeg,220,220,no damage,4,45,217,183
396.jpeg,220,220,no damage,22,7,200,211
553.jpeg,220,220,no damage,10,28,208,210
235.jpeg,220,220,no damage,23,62,209,202
221.jpeg,220,220,no damage,39,97,183,195
547.jpeg,220,220,no damage,24,28,185,198
209.jpeg,220,220,no damage,1,38,220,200
590.jpeg,220,220,no damage,27,86,210,204
584.jpeg,220,220,no damage,6,35,212,208
751.jpeg,220,220,no damage,1,39,208,202
751.jpeg,220,220,no damage,14,6,137,67
745.jpeg,220,220,no damage,13,35,202,195
745.jpeg,220,220,no damage,1,65,18,138
779.jpeg,220,220,no damage,15,83,211,180
792.jpeg,220,220,no damage,2,48,220,193
786.jpeg,220,220,no damage,73,68,168,198
787.jpeg,220,220,no damage,41,74,178,196
793.jpeg,220,220,no damage,13,56,197,162
778.jpeg,220,220,no damage,49,54,188,171
744.jpeg,220,220,no damage,6,87,174,163
750.jpeg,220,220,no damage,18,44,198,193
585.jpeg,220,220,no damage,31,39,206,162
585.jpeg,220,220,no damage,1,25,73,98
585.jpeg,220,220,no damage,105,22,213,46
591.jpeg,220,220,no damage,41,31,191,203
208.jpeg,220,220,no damage,42,61,178,195
220.jpeg,220,220,no damage,18,91,162,171
220.jpeg,220,220,no damage,97,86,213,147
546.jpeg,220,220,no damage,14,36,213,188
552.jpeg,220,220,no damage,6,67,216,203
552.jpeg,220,220,no damage,156,74,220,116
234.jpeg,220,220,no damage,11,32,209,185
397.jpeg,220,220,no damage,12,48,218,201
383.jpeg,220,220,no damage,4,29,177,212
383.jpeg,220,220,no damage,1,19,67,114
368.jpeg,220,220,no damage,10,15,205,212
354.jpeg,220,220,no damage,52,59,194,177
432.jpeg,220,220,no damage,3,48,216,174
426.jpeg,220,220,no damage,14,38,215,183
340.jpeg,220,220,no damage,36,86,155,186
817.jpeg,220,220,no damage,51,52,197,182
817.jpeg,220,220,no damage,1,55,65,94
817.jpeg,220,220,no damage,1,74,38,112
57.jpeg,220,220,no damage,13,55,202,189
57.jpeg,220,220,no damage,1,52,65,97
5.jpeg,220,220,no damage,17,98,206,209
803.jpeg,220,220,no damage,34,40,185,147
43.jpeg,220,220,no damage,44,41,215,192
43.jpeg,220,220,no damage,24,49,52,75
195.jpeg,220,220,no damage,24,31,207,191
181.jpeg,220,220,no damage,9,90,195,191
94.jpeg,220,220,no damage,17,35,217,165
94.jpeg,220,220,no damage,1,36,46,62
618.jpeg,220,220,no damage,11,75,204,187
80.jpeg,220,220,no damage,19,48,204,170
630.jpeg,220,220,no damage,5,10,220,212
630.jpeg,220,220,no damage,138,4,220,86
156.jpeg,220,220,no damage,1,52,123,193
156.jpeg,220,220,no damage,177,7,219,101
156.jpeg,220,220,no damage,129,112,168,214
142.jpeg,220,220,no damage,14,78,200,176
624.jpeg,220,220,no damage,9,35,206,194
154.jpeg,220,220,no damage,23,40,204,193
632.jpeg,220,220,no damage,3,74,220,180
626.jpeg,220,220,no damage,12,70,200,197
140.jpeg,220,220,no damage,16,70,200,192
168.jpeg,220,220,no damage,14,49,204,183
96.jpeg,220,220,no damage,1,7,220,220
82.jpeg,220,220,no damage,1,16,219,208
197.jpeg,220,220,no damage,4,45,220,150
69.jpeg,220,220,no damage,21,24,217,180
829.jpeg,220,220,no damage,1,15,220,219
829.jpeg,220,220,no damage,1,1,51,37
183.jpeg,220,220,no damage,69,108,200,197
7.jpeg,220,220,no damage,38,63,197,191
55.jpeg,220,220,no damage,7,37,181,179
815.jpeg,220,220,no damage,10,15,212,183
41.jpeg,220,220,no damage,16,48,193,198
41.jpeg,220,220,no damage,1,51,35,98
41.jpeg,220,220,no damage,33,49,77,89
801.jpeg,220,220,no damage,52,48,203,162
430.jpeg,220,220,no damage,9,31,208,205
430.jpeg,220,220,no damage,206,52,220,98
356.jpeg,220,220,no damage,27,56,167,174
342.jpeg,220,220,no damage,26,47,172,170
424.jpeg,220,220,no damage,3,27,214,208
424.jpeg,220,220,no damage,1,31,98,109
418.jpeg,220,220,no damage,4,71,215,182
395.jpeg,220,220,no damage,26,1,220,220
381.jpeg,220,220,no damage,22,47,192,200
544.jpeg,220,220,no damage,78,92,197,202
222.jpeg,220,220,no damage,11,70,208,182
236.jpeg,220,220,no damage,1,50,220,143
550.jpeg,220,220,no damage,37,52,191,181
550.jpeg,220,220,no damage,1,76,36,117
578.jpeg,220,220,no damage,30,47,189,177
587.jpeg,220,220,no damage,12,37,202,205
593.jpeg,220,220,no damage,39,73,189,175
746.jpeg,220,220,no damage,20,11,220,220
752.jpeg,220,220,no damage,59,33,206,169
785.jpeg,220,220,no damage,35,121,175,219
791.jpeg,220,220,no damage,5,92,211,212
790.jpeg,220,220,no damage,19,30,196,196
784.jpeg,220,220,no damage,2,49,217,180
753.jpeg,220,220,no damage,20,64,204,191
747.jpeg,220,220,no damage,8,19,212,198
592.jpeg,220,220,no damage,4,10,211,198
586.jpeg,220,220,no damage,7,42,211,171
579.jpeg,220,220,no damage,8,69,218,182
237.jpeg,220,220,no damage,2,40,217,178
551.jpeg,220,220,no damage,3,31,217,200
545.jpeg,220,220,no damage,1,46,220,202
223.jpeg,220,220,no damage,16,55,199,165
380.jpeg,220,220,no damage,40,66,163,159
394.jpeg,220,220,no damage,20,50,199,158
419.jpeg,220,220,no damage,28,56,178,191
343.jpeg,220,220,no damage,21,26,187,183
343.jpeg,220,220,no damage,196,49,220,67
425.jpeg,220,220,no damage,9,48,199,214
431.jpeg,220,220,no damage,38,65,183,192
357.jpeg,220,220,no damage,10,32,208,194
800.jpeg,220,220,no damage,28,34,192,185
800.jpeg,220,220,no damage,19,50,55,70
40.jpeg,220,220,no damage,17,69,182,188
40.jpeg,220,220,no damage,119,38,172,66
6.jpeg,220,220,no damage,38,47,194,174
814.jpeg,220,220,no damage,4,46,219,174
54.jpeg,220,220,no damage,15,58,210,182
54.jpeg,220,220,no damage,1,66,35,132
182.jpeg,220,220,no damage,21,58,199,174
196.jpeg,220,220,no damage,18,55,184,185
828.jpeg,220,220,no damage,30,66,194,202
68.jpeg,220,220,no damage,15,39,220,202
83.jpeg,220,220,no damage,6,26,211,173
83.jpeg,220,220,no damage,69,15,126,47
169.jpeg,220,220,no damage,9,88,213,200
97.jpeg,220,220,no damage,2,64,177,174
97.jpeg,220,220,no damage,160,76,220,123
627.jpeg,220,220,no damage,4,20,214,213
627.jpeg,220,220,no damage,154,11,220,87
141.jpeg,220,220,no damage,23,53,199,177
155.jpeg,220,220,no damage,11,53,214,180
633.jpeg,220,220,no damage,5,64,218,177
93.jpeg,220,220,no damage,21,14,219,191
179.jpeg,220,220,no damage,28,66,188,189
87.jpeg,220,220,no damage,6,52,214,211
637.jpeg,220,220,no damage,12,74,209,205
151.jpeg,220,220,no damage,9,62,212,193
145.jpeg,220,220,no damage,18,41,205,191
623.jpeg,220,220,no damage,14,77,204,203
50.jpeg,220,220,no damage,10,14,213,206
810.jpeg,220,220,no damage,4,80,215,215
2.jpeg,220,220,no damage,10,72,202,199
44.jpeg,220,220,no damage,18,39,184,146
804.jpeg,220,220,no damage,4,37,214,189
192.jpeg,220,220,no damage,51,48,199,202
192.jpeg,220,220,no damage,1,47,66,87
186.jpeg,220,220,no damage,9,17,210,206
78.jpeg,220,220,no damage,51,56,201,185
838.jpeg,220,220,no damage,6,26,217,205
838.jpeg,220,220,no damage,1,28,54,82
838.jpeg,220,220,no damage,58,28,113,64
409.jpeg,220,220,no damage,32,52,189,168
353.jpeg,220,220,no damage,24,52,201,177
353.jpeg,220,220,no damage,1,61,71,140
435.jpeg,220,220,no damage,9,70,211,201
421.jpeg,220,220,no damage,24,59,187,205
347.jpeg,220,220,no damage,50,80,171,172
390.jpeg,220,220,no damage,26,98,192,210
384.jpeg,220,220,no damage,25,69,173,198
569.jpeg,220,220,no damage,40,56,194,203
227.jpeg,220,220,no damage,13,91,211,196
541.jpeg,220,220,no damage,15,49,205,167
541.jpeg,220,220,no damage,1,48,63,134
555.jpeg,220,220,no damage,3,56,220,173
555.jpeg,220,220,no damage,154,59,220,120
233.jpeg,220,220,no damage,13,33,199,173
233.jpeg,220,220,no damage,1,29,106,98
582.jpeg,220,220,no damage,1,39,192,186
582.jpeg,220,220,no damage,42,29,81,75
596.jpeg,220,220,no damage,13,34,211,187
743.jpeg,220,220,no damage,7,27,215,201
757.jpeg,220,220,no damage,93,74,197,174
757.jpeg,220,220,no damage,21,73,97,136
757.jpeg,220,220,no damage,170,68,207,117
780.jpeg,220,220,no damage,3,30,217,214
794.jpeg,220,220,no damage,28,57,173,134
795.jpeg,220,220,no damage,26,83,187,183
781.jpeg,220,220,no damage,63,90,181,168
756.jpeg,220,220,no damage,8,25,204,182
756.jpeg,220,220,no damage,1,39,51,100
756.jpeg,220,220,no damage,34,39,82,76
742.jpeg,220,220,no damage,1,6,206,220
597.jpeg,220,220,no damage,20,23,196,194
583.jpeg,220,220,no damage,30,52,179,185
554.jpeg,220,220,no damage,8,38,214,195
232.jpeg,220,220,no damage,5,45,189,160
226.jpeg,220,220,no damage,24,48,194,188
540.jpeg,220,220,no damage,28,34,191,189
568.jpeg,220,220,no damage,28,52,201,198
385.jpeg,220,220,no damage,4,24,218,188
391.jpeg,220,220,no damage,34,41,183,154
420.jpeg,220,220,no damage,16,31,213,172
346.jpeg,220,220,no damage,4,42,218,171
352.jpeg,220,220,no damage,7,27,202,183
434.jpeg,220,220,no damage,16,30,213,189
408.jpeg,220,220,no damage,16,38,210,181
187.jpeg,220,220,no damage,6,50,209,184
839.jpeg,220,220,no damage,3,61,215,174
79.jpeg,220,220,no damage,15,42,162,178
193.jpeg,220,220,no damage,17,31,202,193
805.jpeg,220,220,no damage,36,73,199,202
45.jpeg,220,220,no damage,22,13,204,203
811.jpeg,220,220,no damage,6,36,191,220
811.jpeg,220,220,no damage,1,66,38,100
811.jpeg,220,220,no damage,209,60,220,130
51.jpeg,220,220,no damage,28,59,181,179
3.jpeg,220,220,no damage,19,27,198,201
144.jpeg,220,220,no damage,2,1,215,161
622.jpeg,220,220,no damage,64,99,206,207
636.jpeg,220,220,no damage,27,48,214,181
150.jpeg,220,220,no damage,14,64,204,188
178.jpeg,220,220,no damage,46,28,169,178
86.jpeg,220,220,no damage,65,76,209,191
92.jpeg,220,220,no damage,20,30,209,188
92.jpeg,220,220,no damage,1,26,57,74
92.jpeg,220,220,no damage,187,27,220,55
84.jpeg,220,220,no damage,7,31,213,200
608.jpeg,220,220,no damage,15,31,207,196
90.jpeg,220,220,no damage,43,47,178,171
90.jpeg,220,220,no damage,173,64,220,121
90.jpeg,220,220,no damage,1,77,20,102
620.jpeg,220,220,no damage,39,44,130,146
146.jpeg,220,220,no damage,14,41,213,184
152.jpeg,220,220,no damage,62,93,196,172
152.jpeg,220,220,no damage,1,91,78,147
634.jpeg,220,220,no damage,24,17,204,207
47.jpeg,220,220,no damage,10,28,208,200
807.jpeg,220,220,no damage,30,6,194,148
1.jpeg,220,220,no damage,46,60,206,207
53.jpeg,220,220,no damage,31,50,198,175
813.jpeg,220,220,no damage,15,12,212,211
185.jpeg,220,220,no damage,32,30,194,212
191.jpeg,220,220,no damage,1,2,220,217
378.jpeg,220,220,no damage,21,68,204,178
344.jpeg,220,220,no damage,1,1,220,220
422.jpeg,220,220,no damage,21,44,204,196
436.jpeg,220,220,no damage,39,53,175,124
350.jpeg,220,220,no damage,12,35,204,206
387.jpeg,220,220,no damage,91,121,177,183
387.jpeg,220,220,no damage,170,114,210,146
393.jpeg,220,220,no damage,21,30,211,187
218.jpeg,220,220,no damage,15,45,206,188
230.jpeg,220,220,no damage,13,40,211,206
556.jpeg,220,220,no damage,24,30,194,182
542.jpeg,220,220,no damage,22,44,193,179
224.jpeg,220,220,no damage,35,17,191,174
224.jpeg,220,220,no damage,25,3,102,26
595.jpeg,220,220,no damage,21,23,196,198
581.jpeg,220,220,no damage,54,14,215,156
768.jpeg,220,220,no damage,14,29,202,179
768.jpeg,220,220,no damage,1,84,15,121
754.jpeg,220,220,no damage,5,39,214,188
740.jpeg,220,220,no damage,8,49,210,186
797.jpeg,220,220,no damage,29,14,204,181
797.jpeg,220,220,no damage,1,13,38,59
797.jpeg,220,220,no damage,139,12,220,98
783.jpeg,220,220,no damage,13,52,208,195
782.jpeg,220,220,no damage,5,51,213,194
796.jpeg,220,220,no damage,23,5,203,215
741.jpeg,220,220,no damage,1,9,220,210
755.jpeg,220,220,no damage,8,8,213,202
755.jpeg,220,220,no damage,1,1,28,82
769.jpeg,220,220,no damage,1,42,212,220
580.jpeg,220,220,no damage,22,17,195,214
594.jpeg,220,220,no damage,13,70,209,206
543.jpeg,220,220,no damage,9,53,211,166
225.jpeg,220,220,no damage,43,78,215,186
231.jpeg,220,220,no damage,8,49,215,183
557.jpeg,220,220,no damage,30,88,181,199
219.jpeg,220,220,no damage,10,35,213,196
392.jpeg,220,220,no damage,94,86,189,190
386.jpeg,220,220,no damage,30,39,194,176
386.jpeg,220,220,no damage,2,30,72,69
437.jpeg,220,220,no damage,49,60,187,184
351.jpeg,220,220,no damage,16,31,210,207
345.jpeg,220,220,no damage,14,69,203,196
423.jpeg,220,220,no damage,34,50,189,213
379.jpeg,220,220,no damage,2,54,217,198
190.jpeg,220,220,no damage,22,97,211,220
184.jpeg,220,220,no damage,77,108,213,195
812.jpeg,220,220,no damage,8,21,216,206
812.jpeg,220,220,no damage,108,8,217,79
812.jpeg,220,220,no damage,1,1,37,66
52.jpeg,220,220,no damage,10,44,212,197
806.jpeg,220,220,no damage,62,56,171,163
46.jpeg,220,220,no damage,9,42,204,203
153.jpeg,220,220,no damage,27,19,195,209
635.jpeg,220,220,no damage,18,73,196,178
621.jpeg,220,220,no damage,21,13,205,212
147.jpeg,220,220,no damage,8,47,218,168
91.jpeg,220,220,no damage,7,15,213,179
609.jpeg,220,220,no damage,23,51,201,157
609.jpeg,220,220,no damage,170,71,219,96
609.jpeg,220,220,no damage,1,69,23,95
85.jpeg,220,220,no damage,43,44,184,142
85.jpeg,220,220,no damage,29,53,53,76
85.jpeg,220,220,no damage,170,53,197,75
